{"owVaygQ4D3ISKxk3C8Frvw==":"aszer-1447x1949.png","FTdBE0h1MMGP+RI22bp/UQ==":"cheers-723x723.png","9hWHJ+krn2xRBKzQO2hP3Q==":"r%20(2)-305x324.png","7jvr2dfkNyWn+VroWEPG5Q==":"wallpaperflare.com_wallpaper%20(23)-2000x1125.jpg","oIMwSFmvhOzf/D1E3nAiXg==":"cheers%20-%20copy-640x640.png","Us+KMGGvgQ9/JHLqYk8fJw==":"cheers%20-%20copy-640x640.png","/x14jb7zIhnIPwASFRyS8w==":"cheers%20-%20copy-640x640.png","gwK9o2JzLAZXlLv5fsw7Qg==":"wallpaperflare.com_wallpaper%20(8)-2000x1125.jpg","v5XFwjyDCyuLDx+UPsSqYg==":"wallpaperflare.com_wallpaper%20(45)-2000x1125.jpg","T9EB7qajGDpHufImfp/jMQ==":"wallpaperflare.com-wallpaper-8.jpeg","lyBQVXg74BUJ6VRZ5wHOZA==":"wallpaperflare.com-wallpaper-23.jpg","oRykAiO0rUD++7AmPeEwUg==":"background1.jpg","Vb7GgbMoe0curpGYBParsg==":"background3.jpg","WeIcOp+qLfFEPxVAXUUAEA==":"features4.jpg","KjRePvFlvqvLnAURqAcQjQ==":"ezgif.com-gif-maker-1.gif","yilQhOpzh6qCOQl2dA07tw==":"misafirid-1.gif","HI2LRcDJE1k6RomphegwUQ==":"mahad.gif"}